url,rank,title,description
https://en.wikipedia.org/wiki/Liberalism_and_progressivism_within_Islam,1,Liberalism and progressivism within Islam - Wikipedia,"Liberalism and progressivism within Islam involve professed Muslims who have created a ... But this type of controversy led both conservatives and liberals to produce authoritative hermeneutics. ... Islamic feminism is defined by Islamic scholars as being more radical than secular feminism, and as being anchored within the ..."
https://en.wikipedia.org/wiki/Islamism,2,Islamism - Wikipedia,"Definitions. Islamism has been defined as: ""the belief that Islam should guide social and political as well as personal life"", a form of ""religionized politics"" and an instance of religious fundamentalism."
https://www.newmandala.org/how-moderate-are-indonesian-muslims/,3,How 'moderate' are Indonesian Muslims? - New Mandala,"27 Mar 2019 - I compare Indonesian Muslims to Muslims in other Muslim-majority ... I define conservatism as a preference for social norms, traditions, ..."
https://www.wsj.com/articles/rise-of-islamic-conservatism-throws-indonesian-democracy-off-balance-1530178201,4,Rise of Islamic Conservatism Throws Indonesian Democracy ...,"28 Jun 2018 - Yet, Islamic conservatives have been making inroads in recent years, both by enforcing greater ... “We have to choose what is more important."
https://www.tandfonline.com/doi/abs/10.1080/07329113.2018.1532025,5,"Religious conservatism, Islamic criminal law and the judiciary ...","Religious conservatism, Islamic criminal law and the judiciary in Indonesia: a tale of ... In the first, the Constitutional Court was asked to expand the definition of ..."
https://www.theguardian.com/world/commentisfree/2015/nov/19/conservatives-yearning-for-islam-is-the-love-that-dare-not-speak-its-name,6,Conservatives' yearning for Islam is the love that dare not ...,"18 Nov 2015 - For their religion and morals? Why aren't they more well ... Islamic? ... social conservatives openly expressed their admiration of the sexual ... a clue about what is wrong with the world, much less what should be done about it."
https://www.merriam-webster.com/dictionary/conservatism,7,Conservatism | Definition of Conservatism by Merriam-Webster,Conservatism definition is - the principles and policies of a Conservative party. ... and of increasing Islamic conservatism and intolerance against minorities in the ...
https://www.theatlantic.com/national/archive/2010/10/conservatives-and-their-poisonous-understanding-of-islam/64688/,8,Conservatives and Their Poisonous Understanding of Islam ...,"18 Okt 2010 - Conservatives and Their Poisonous Understanding of Islam ... for his audience the content, use and meaning of Shari'a, Islamic law:."
https://books.google.co.id/books?id=UoZRR0gUbJIC&pg=PA37&lpg=PA37&dq=define+conservatism+islam&source=bl&ots=JYGqZv19WR&sig=ACfU3U1N1LCMW-lb7_mt7YCKW9uVIjfB8A&hl=id&sa=X&ved=2ahUKEwjoifLz_fzmAhVVb30KHbrQC1wQ6AEwEHoECF4QAQ,9,Secularism and Muslim Democracy in Turkey,"The regime rules forced Islamic groups to work within the center-right parties, which ... Conservatives define their task as preserving the national, traditional and ..."
https://www.jstor.org/stable/41288802,10,Political Islam and Islamic Parties in Indonesia: Critically ... - jstor,"In four democratic elections, Islamic political parties failed to receive more than 44 ... Second, I explain the paradox by showing the shifting position of nationalist ... persistence of religiosity, piety and even conservatism among the. This content ..."
https://books.google.co.id/books?id=r2-MDAAAQBAJ&pg=PA138&lpg=PA138&dq=define+conservatism+islam&source=bl&ots=hylGOZKzSg&sig=ACfU3U2GmxtO-t3U6Y9FZmLZXLxkqiGyLw&hl=id&sa=X&ved=2ahUKEwjoifLz_fzmAhVVb30KHbrQC1wQ6AEwEnoECGMQAQ,11,Between Europe and the Mediterranean: The Challenges and the ...,"We will argue that Islamic conservatives' strategic choice for Europe involves, first, ... of conservatism, today's governing party, the JDP, has also defined itself as ..."
https://www.jstor.org/stable/164700,12,"Confronting the Other: Identity, Culture, Politics, and ... - jstor","to their doctrine and to their call for jihad.3 The conservatives anchor their discou ... tween Islam and the West, there emerges in the discourse a thematic defined ..."
https://www.bbc.com/news/uk-politics-48912065,13,Conservatives: Members see Islam as 'threat to British life ...,"8 Jul 2019 - Conservatives: Members see Islam as 'threat to British life', poll suggests ... over Islamophobia · Government rejects Islamophobia definition."
https://books.google.co.id/books?id=0UZc_Yvle_AC&pg=PT71&lpg=PT71&dq=define+conservatism+islam&source=bl&ots=5UXAgvV7iu&sig=ACfU3U3uGH-RZBEfJ4tHStPN2R1sg1QMaA&hl=id&sa=X&ved=2ahUKEwjoifLz_fzmAhVVb30KHbrQC1wQ6AEwFXoECF0QAQ,14,Reformation of Islamic Thought: A Critical Historical Analysis,"According to its self-definition and inherent logic, the Iranian system applies ... inimitable true interpretation of Islam which the conservatives, as interpreters of ..."
https://www.emerald.com/insight/content/doi/10.1108/OXAN-DB216686/full/html,15,Bangladesh set to embrace Islamic conservatism | Emerald ...,"After decades in which Bangladeshi politics was defined by the opposition between secularism and Islam, a broad political consensus is emerging around ..."
https://www.economist.com/erasmus/2019/09/22/why-american-muslims-lean-leftwards-for-2020,16,Islam and politics - Why American Muslims lean leftwards for ...,"22 Sep 2019 - Islam's followers are not so much firebrands as nomads in search of a ... of mainstream American conservatives, leaving Muslims nowhere to go but left. ... up by the State Department to ponder the definition of human rights."
https://www.spectator.com.au/2017/10/conservatism-is-dying-could-islam-help-save-it/,17,Conservatism is dying. Could Islam help save it? | The ...,5 Okt 2017 - The results of this conflict will define the future of everything we value and ... Many great conservatives see Islam as our biggest threat and I ...
https://books.google.co.id/books?id=rsiaBAAAQBAJ&pg=PA143&lpg=PA143&dq=define+conservatism+islam&source=bl&ots=573rB31xF2&sig=ACfU3U0RMsXbGtp4aZpPf1AZo8Q6OSn7YA&hl=id&sa=X&ved=2ahUKEwjoifLz_fzmAhVVb30KHbrQC1wQ6AEwGXoECF8QAQ,18,The Islamic State in the Post-Modern World: The Political ...,"The preferred model of the traditionalists envisages an Islamic state that is generally ... aspects of social life within it, along Islamic lines, as defined by themselves. ... egypt for example, conservatives like the muslim Brotherhood have achieved ..."
https://musliminstitute.org/freethinking/world-affairs/islamist-conservatism-malaysia,19,Islamist Conservatism in Malaysia - Muslim Institute,The transmission of Islam in the Malay-Indonesian world remains entrenched in history as one of the foremost examples of peaceful proselytisation of religion on ...
https://books.google.co.id/books?id=GWDIAAAAQBAJ&pg=PA142&lpg=PA142&dq=define+conservatism+islam&source=bl&ots=xQqyHpul4h&sig=ACfU3U1gik-bazjcWKrMCWe98ogRQSwC2Q&hl=id&sa=X&ved=2ahUKEwjoifLz_fzmAhVVb30KHbrQC1wQ6AEwG3oECGAQAQ,20,The Rising Tide of Conservatism in Turkey,"Almost an oxymoron by definition, conservatives in Turkey seem to be least ... The almost single-minded focus on Islam in Turkey effectively pushes other ..."
https://books.google.co.id/books?id=hRIuDwAAQBAJ&pg=PT179&lpg=PT179&dq=define+conservatism+islam&source=bl&ots=LnJYcoZMJb&sig=ACfU3U280P4SdTr53JnHaYIctA_abyigzw&hl=id&sa=X&ved=2ahUKEwjoifLz_fzmAhVVb30KHbrQC1wQ6AEwHHoECGIQAQ,21,Dramatic Sketches of Constitutional Conservatism and What Is ...,"As the theologians and the culture work to progressively gnosticize Christianity, to disfigure the religion by degrees, it should serve as a warning to Islam that the ..."
https://books.google.co.id/books?id=0F3ADAAAQBAJ&pg=PA177&lpg=PA177&dq=define+conservatism+islam&source=bl&ots=Lhg5u4p88e&sig=ACfU3U1IA7nZJGVo9Pu-W9iZUGSrmMPKsw&hl=id&sa=X&ved=2ahUKEwjoifLz_fzmAhVVb30KHbrQC1wQ6AEwHXoECGQQAQ,22,Theory of Profit with Islamic Directions,An row den ite inc rec exp cau of 19 An important influence of this conservatism has been the adoption of narrow definition of costs in accounting. Based on ...
https://www.theamericanconservative.com/articles/how-american-liberalism-is-co-opting-islam/,23,How American Liberalism is Co-Opting Islam | The American ...,23 Sep 2019 - A persistent refrain of conservatives and liberal hawks has been that ... A Muslim hijabi and an atheist drag queen—what is the difference so ...
https://www.aware.org.sg/2017/10/malay-religious-conservatism-a-talk/,24,Malay Religious Conservatism: A Talk | AWARE Singapore,"5 Okt 2017 - Imran explained that religious conservatism can be defined as “a mode of ... The historical arrival of Islam to this region was facilitated by trade, ..."
https://islam4europeans.com/tag/conservatism/,25,Conservatism - Islam for Europeans,Roger Scruton and Hamza Yusuf meet in the library of Zaytuna College to have a wide-ranging discussion on the true meaning of conservatism. Roger Scruton ...
https://www.britannica.com/place/Iran/The-Islamic-republic,26,Iran - The Islamic republic | Britannica,"Iran - Iran - The Islamic republic: Outwardly, with a swiftly expanding economy ... conservatives within the government who questioned their revolutionary zeal."
https://www.britannica.com/topic/Islamic-world/Islamic-history-from-1683-to-the-present-reform-dependency-and-recovery,27,Islamic world - Islamic history from 1683 to the present: reform ...,The history of modern Islam has often been explained in terms of the impact of ... limitations of the agrarian-based settled world as defined by the Greeks—who ...
https://www.bbc.co.uk/news/uk-politics-49763550,28,Islamophobia: Conservative Party members suspended over ...,"20 Sep 2019 - They all shared or supported anti-Muslim posts on Twitter and Facebook, the Conservative Party says. ... Muslim Conservatives speak out after criticism of the party over ... ""You said you needed a definition; you now have it."
https://www.esiweb.org/index.php?lang=en&id=156&document_ID=69,29,Islamic Calvinists. Change and Conservatism in Central Anatolia,"19 Sep 2005 - Central Anatolia, with its rural economy and patriarchal, Islamic culture, is seen ... Certainly the meaning of life is not conceived in terms of work."
https://www.history.com/news/sunni-shia-divide-islam-muslim,30,What Is the Sunni-Shia Divide? - HISTORY,"31 Jul 2019 - Finally, in 1979, the Islamic Revolution in Iran produced a radical brand of Shia Islam that would clash violently with Sunni conservatives in ..."
https://democracyjournal.org/magazine/41/islam-and-liberalism/,31,Islam And Liberalism : Democracy Journal,"What is it in Islam that leads to and informs a liberal political point of view? ... who considers himself sometimes stuck in between liberalism and conservatism, ..."
https://www.brookings.edu/research/ambivalent-nativism-trump-supporters-attitudes-toward-islam-and-muslim-immigration/,32,Ambivalent nativism: Trump supporters' attitudes toward Islam ...,"24 Jul 2019 - Thus, conservatives in the electorate have received mixed messages ... built upon a cluster of ideas that define the American political culture."
https://www.researchgate.net/publication/332372563_Corporate_governance_and_accounting_conservatism_in_Islamic_banks,33,(PDF) Corporate governance and accounting conservatism in ...,"28 Agu 2019 - ing conservatism is defined as “accounting policies or tendencies that ... accounting conservatism between Islamic banks (hereafter, IBs) and."
http://www.rfi.fr/en/middle-east/20180127-what-sufism-and-why-does-it-bother-some-muslims,34,What is Sufism and why does it bother some Muslims? - Mid ...,27 Jan 2018 - When a mosque in Egypt's Sinai region was attacked by affiliates of the Islamic State armed group in November leaving over 300 people dead ...
https://www.cfr.org/excerpt-fall-and-rise-islamic-state,35,Excerpt: The Fall and Rise of the Islamic State | Council on ...,Read an excerpt of The Fall and Rise of the Islamic State.
https://torontosun.com/opinion/columnists/hassan-the-muslim-vote-will-play-a-role-in-the-election-but-how,36,HASSAN: The Muslim vote will play a role in Canadian ...,"13 Sep 2019 - ... how such victims would be defined or what this priority would entail. ... In addition, the Conservatives have put a softer face on their Muslim hopefuls. ... With support for Trudeau and Scheer neck and neck, the Muslim vote ..."
https://www.amazon.com/Islam-Uncensored-Conservatives-Christians-Government/dp/0578082799,37,"Islam Uncensored: 14 Leaders: Liberals, Conservatives ...","Islam Uncensored: 14 Leaders: Liberals, Conservatives, Muslims, Jews, ... from every perspective; all who come to a unified conclusion of what is Islam is."
http://www.oxfordislamicstudies.com/print/opr/t236/e0394,38,Islamic State - Oxford Islamic Studies Online,"The first disagreements that emerged within the Muslim community, which led to the ... of what is the closest thing to the concept of the state in traditional Islamic ... 's discourse made it possible to combine social conservatism with populism and ..."
https://blogs.spectator.co.uk/2019/04/adopting-the-new-islamophobia-definition-would-be-terrible-for-the-tories/,39,Adopting the new Islamophobia definition would be terrible for ...,4 Apr 2019 - I suggested the position of Muslim women in the UK might merit an enquiry. ... Acceptance of the definition would pit Conservatives against their ...
https://lobelog.com/al-azhar-struggles-to-balance-politics-and-tradition/,40,Al-Azhar Struggles to Balance Politics and Tradition – LobeLog,"21 Jun 2019 - The book defines jihad exclusively as an armed struggle rather than the ... A prominent Islamic legal scholar, who opposes ultra-conservatism ..."
https://www.oozebap.org/biblio/RELIGIOUS_CONSERVATISM.rtf,41,religious conservatism - Oozebap,"RELIGIOUS CONSERVATISM: FEMINIST THEOLOGY AS A MEANS OF ... What is of importance to note, here, is that an emancipated Muslim woman is seen by ..."
https://www.islam21c.com/current-affairs/the-real-reason-the-conservatives-reject-the-appg-islamophobia-definition/,42,The real reason the Conservatives reject the APPG ... - Islam21c,21 Mei 2019 - Those that have been trying to ban Muslim speakers for years are no ... definition of antisemitism is proof that the Conservatives' argument is ...
http://theconversation.com/is-indonesia-retreating-from-democracy-99211,43,Is Indonesia retreating from democracy? - The Conversation,"8 Jul 2018 - ... has long been held up as a model of democratic transition in the Muslim world. ... ago – but a new label to define what replaced it has not yet emerged. ... is under threat from populism, Islamism and renewed conservatism."
https://foreignpolicy.com/2019/03/29/arab-regimes-are-the-worlds-most-powerful-islamophobes/,44,Arab Regimes Are the World's Most Powerful Islamophobes ...,"29 Mar 2019 - ... lead to terrorism—claims that are seized on by Western conservatives to legitimize ... In Saudi Arabia, even atheists are defined as terrorists under existing ... In an answer to a question about Trump's anti-Muslim remarks, ..."
https://islamicmarkets.com/publications/accounting-conservatism-in-islamic-banking,45,Accounting Conservatism in Islamic Banking - IslamicMarkets ...,"Others argue, however, that what is meant by a conservatism concept in Islamic accounting is the selection of the accounting techniques that have the most ..."
https://tcf.org/content/report/turkeys-troubled-experiment-secularism/,46,Turkey's Troubled Experiment with Secularism,"25 Apr 2019 - And secularism implied that Islam would not be allowed to have any significant public ... Although they did not explicitly define themselves as antireligious, the ... Meanwhile, Islamists, conservatives, and even secular liberals ..."
https://www.usatoday.com/story/opinion/2018/08/10/racism-islamophobia-hurt-muslim-women-islam-does-not-column/881492002/,47,Islamophobia and racism hurt Muslim women. Their own ...,"10 Agu 2018 - The survey shows that the most salient stereotype about Americans of Islamic faith, held by liberals and conservatives alike, is that Muslims ..."
https://www.businessinsider.com/baroness-warsi-is-truly-ashamed-of-conservative-party-islamophobia-2019-9,48,Baroness Warsi is 'truly ashamed' of Conservative party ...,"30 Sep 2019 - The Conservative party was criticised by Muslim members for an ... ""The Conservatives must explain why they allowed this event to be part of ..."
https://www.thestranger.com/slog/2019/06/14/40477576/ex-muslim-activist-sarah-haider-says-western-liberals-are-making-things-worse,49,Ex-Muslim Activist Sarah Haider Says Western Liberals Are ...,"14 Jun 2019 - By refusing to criticize Islam, Haider says Western liberals are ceding moral ... I know you care about what is right and moral and I care about that, too. ... be unafraid to piss some people off, particularly religious conservatives."
https://www.ft.com/content/0fcafba6-d428-11e9-8367-807ebd53ab77,50,Why rightwing populism has radicalised | Financial Times,"11 Sep 2019 - First, let's define terms. ... But over time, the conservatives usually get sidelined as the government radicalises. Why? ... services are “blind in one eye”, says Mudde: they obsess about Islamic terrorists but ignore rightist ones."
https://www.nbcnews.com/storyline/smart-facts/what-isis-what-you-need-know-about-islamic-state-iraq-n859996,51,What is ISIS? What you need to know about Islamic State in ...,"18 Apr 2018 - The militant Islamist organization ISIS once controlled large swaths of Iraq and Syria where it declared a caliphate, or a state under strict Islamic ..."
https://www.firstthings.com/web-exclusives/2020/01/the-end-of-pseudo-liberalism,52,The End of Pseudo-Liberalism | John Waters | First Things,"6 hari yang lalu - A lot of people, including people who call themselves conservatives, ... What is called liberalism here is not liberalism at all, but its direct opposite. ... if “liberals” know anything about the nature of Islam and its ambitions, ..."
https://www.washingtonpost.com/news/global-opinions/wp/2018/08/28/the-u-s-is-wrong-about-the-muslim-brotherhood-and-the-arab-world-is-suffering-for-it/,53,The US is wrong about the Muslim Brotherhood — and the Arab,"28 Agu 2018 - Supporters of the Muslim Brotherhood attend a protest in support of ousted ... It is wrong to dwell on political Islam, conservatism and identity ..."
https://www.iep.utm.edu/rel-poli/,54,Religion and Politics | Internet Encyclopedia of Philosophy,"For example, Islam has traditionally held that all people owe obedience to Allah's will. ... What is central to them is they each involve the conferral of some sort of ... Even today, there are strains of conservatism that argue for establishment by ..."
https://www.yourdictionary.com/conservatism,55,Conservatism dictionary definition | conservatism defined,conservatism definition: the principles and practices of a conservative person or party; tendency to oppose change in institutions and methods...
https://www.quora.com/What-are-the-differences-between-conservative-and-liberal-Muslims,56,What are the differences between conservative and liberal Muslims ...,What are the ideological differences between a conservative and a liberal? ... Why do many conservatives try to reaffirm that Islam is not a race when many ...
https://www.cairn.info/revue-internationale-de-psychologie-sociale-2009-3-page-203.html,57,Terrorist Threat and Perceived Islamic Support for Terrorist ...,"They defined blatant prejudices as hot, close and direct, and subtle ... Subtle prejudices showed fairly moderate relations to political conservatism and a vast ..."
https://secularhumanism.org/2015/11/cont-anti-muslim-bigotry-vs-genuine-criticism-of-islam/,58,Anti-Muslim Bigotry vs. Genuine Criticism of Islam | Free Inquiry,I will try to define these groups one by one. Muslim Conservatives believe that Islam is perfect and that the Hadith and the Qur'an as a whole contain no errors.
https://blogs.lse.ac.uk/religionglobalsociety/2018/06/islam-and-human-rights-clash-or-compatibility/,59,Islam and human rights: Clash or compatibility? | Religion and ...,"11 Jun 2018 - The answer to this depends on what kind of Islam and what kind of human ... He, and many others, rejects the stark conservatism of the human ..."
https://www.thenation.com/article/islamic-terrorism-is-right-wing-terrorism/,60,Islamic Terrorism Is Right-Wing Terrorism | The Nation,"15 Jun 2016 - In the wake of the bloodshed in Orlando, some conservatives are ... It gives their followers a sense of shared identity, defines their enemy, and ..."
https://www.americanprogress.org/issues/religion/reports/2011/03/31/9175/understanding-sharia-law/,61,Understanding Sharia Law - Center for American Progress,31 Mar 2011 - Conservatives' Skewed Interpretation Needs Debunking ... But a Muslim would not recognize this definition—let alone a scholar of Islam and ...
https://www.independent.co.uk/news/uk/politics/tory-islamophobia-definition-conservative-party-a8840531.html,62,Conservatives criticised for refusing to adopt recommended ...,"26 Mar 2019 - The definition, which was produced after six months of consultations, ... on the wrong side of the argument,' the Muslim Council of Britain says."
https://mcb.org.uk/press-releases/mcb-finds-conservatives-and-lib-dems-lagging-behind-labour-on-muslim-issues/,63,MCB finds Conservatives and Lib Dems lagging behind ...,"4 Des 2019 - The Muslim Council of Britain today launched its election policy ... Adopt the APPG on British Muslims definition of Islamophobia across the UK, ..."
https://americanaffairsjournal.org/2017/05/what-is-conservatism/,64,What Is Conservatism? - American Affairs Journal,"20 Mei 2017 - Anglo-American conservatism is a distinct political tradition—one that ... Radical Islam, to name one such challenge, is a menace that liberals, ..."
http://www.zwemercenter.com/the-application-of-sharia-law-in-the-united-states/,65,The Application of Sharia Law in the United States | Zwemer,"The New Jersey judge found that given his understanding of Islam, he did not intend ... Here is a list of what is and is not allowed in the American judicial system:."
https://jewishcurrents.org/flirting-with-fascism/,66,Flirting With Fascism - Jewish Currents,"24 Jul 2019 - Fox News host Tucker Carlson at the National Conservatism ... This means in practice that the state can define a national community and ... At the conference, “Judeo-Christian” civilization was frequently contrasted with Islam, ..."
https://www.macmillanihe.com/companion/Heywood-Political-Ideologies/resources/Chapter-summaries,67,Political Ideologies by Andrew Heywood | Companion website ...,"Conservatism, as a political attitude, is defined by the desire to conserve and is reflected ... Although distinctive Sunni and Shi'a versions of political Islam have ..."
https://www.thepublicdiscourse.com/2017/06/19386/,68,Stuck in a Dangerous Rut: Conservative Discourse and Islam ...,"1 Jun 2017 - What is the result when we become dependent on a limited group of ... When it comes to Islam, do conservatives try or want to think outside of ..."
https://www.nytimes.com/2001/10/30/science/how-islam-won-and-lost-the-lead-in-science.html,69,"How Islam Won, and Lost, the Lead in Science - The New ...","30 Okt 2001 - Thriving era of scientific discovery that began in Islamic world shortly after ... The grateful Halagu built him an observatory at Maragha, in what is now ... that a religious conservatism in the East has dampened the skeptical ..."
https://www.vox.com/technology/2019/5/6/18528250/facebook-speech-conservatives-trump-platform-publisher,70,The Facebook free speech battle with conservatives ...,"14 Mei 2019 - Some conservatives argue that Facebook is unfairly targeting conservative ... alt-right political activist Laura Loomer, Nation of Islam leader Louis ... the rules Facebook is using to decide what is “hate speech” and what isn't ..."
https://quillette.com/2019/10/02/gilead-resembles-an-islamic-theocracy-not-trumps-america/,71,"Gilead Resembles an Islamic Theocracy, not Trump's America ...",2 Okt 2019 - This is exactly what is now happening all across America. ... In The Handmaid's Tale Atwood does mention Islam twice (to ... Misogynist thinking and actions exist in America today but not only among right-wing conservatives.
https://leidensecurityandglobalaffairs.nl/articles/do-conservative-and-liberal-media-frame-terrorism-differently,72,Do conservative and liberal media frame terrorism differently ...,"8 Feb 2018 - Conservatives and liberals often talk about terrorism differently, but is this image ... If so, what are the implications of ideology-based media coverage? ... On some occasions, liberal outlets also defend Muslims and Islam."
https://www.mdpi.com/2077-1444/11/1/21/htm,73,On Socio-Economic Predictors of Religious Intolerance ...,31 Des 2019 - The combination of rising Islamic political conservatism and religious ... We defined an individual's income to be the logarithm of the monthly ...
https://www.sciencedirect.com/science/article/pii/S0305750X18302080,74,"Conservative outlook, gender norms and female wellbeing ...","We define conservative outlook as adhering to strict veiling norm (full body ... In other contexts, McIntosh and Islam (2010) show that women are more likely to be ... Household conservatism is correlated with the reduction in the probability of ..."
https://ing.org/a-closer-look-at-sharia-in-the-united-states/,75,Sharia - Islamic Networks Group,What are the sources of Sharia and how is it interpreted? Sharia is derived ... How do you explain accommodations of Muslim practices? Isn't this an example of ...
https://www.conservativehome.com/platform/2019/04/this-islamophobia-definition-would-if-adopted-by-ministers-pose-problems-for-national-security.html,76,"Richard Walton: This Islamophobia definition would, if ...","29 Apr 2019 - If the Government accepts the APPG definition of Islamophobia, all of ... Ministers are understandably under pressure to be seen to act on Anti-Muslim ... on Migration, so any vestiges of conservatism are disappearing fast."
https://www.pewforum.org/2007/07/06/how-muslims-compare-with-other-religious-americans/,77,How Muslims Compare With Other Religious Americans | Pew Research ...,"6 Jul 2007 - The largest numbers of Muslim Americans define their political ... with the largest number identifying themselves as conservatives (55%), ahead ..."
https://www.encyclopedia.com/religion/encyclopedias-almanacs-transcripts-and-maps/islam-sunnism,78,Islam: Sunnism | Encyclopedia.com,"27 Des 2019 - Source for information on Islam: Sunnism: Worldmark Encyclopedia of Religious Practices dictionary. ... At its extreme Sunni conservatism has given birth to anti-Western, antimodern religiopolitical governments (such as the ..."
https://twitter.com/hashtag/islamophobia,79,#islamophobia hashtag on Twitter,"#Holocaust in #China innocent #Muslims are being put into concentration camps to convert and leave islam, they're being forced to eat pork, #forced to live and ..."
http://www.euro-islam.info/2017/02/16/defining-meaning-conservatism-german-muslims-seek-organise-cdu/,80,Defining the meaning of conservatism: German ... - Euro-Islam,"16 Feb 2017 - Recently, German authorities commissioned an estimate of the country's Muslim population. Unsurprisingly, the number of both Muslim ..."
https://www.urbandictionary.com/define.php?term=Regressive,81,Regressive - Urban Dictionary,Also a person who usually criticise Christianity (or not) and not Islam. ... Those who have hijacked the meaning of conservatism and screwed up the Republican ...
https://www.washingtoninstitute.org/policy-analysis/view/political-power-and-social-conservatism-in-turkey,82,Political Power and Social Conservatism in Turkey - The ...,"8 Jun 2009 - Political Power and Social Conservatism in Turkey ... For many years the issue of secularism versus Islam has been an important and ... First, for many years, people have defined conservative Turks as the ""other"" Turkey, ..."
https://carnegieeurope.eu/2018/10/04/ascent-of-conservative-civil-society-in-india-pub-77372,83,The Ascent of Conservative Civil Society in India - The ...,"4 Okt 2018 - The conservatives' joint battle with progressive political and civil activists ... wrong in India, equating it with terrorism and Islam on the one hand and the ... who knows what is good for the country—especially in response to ..."
https://dspace.library.uu.nl/bitstream/handle/1874/20758/bruinessen_95_muslimfundamentalism.pdf?sequence=1,84,Muslim Fundamentalism,"evokes a number of associations, but as soon as we attempt to define what it stands for it ... interpretation of Islam, which is often considered as fundamentalism ... town conservatives' thrown suddenly into the hustle and bustle of modern cities."
https://www.hoover.org/research/erdogan-nationalist-vs-erdogan-islamist,85,Erdogan The Nationalist Vs Erdogan The Islamist | Hoover ...,"13 Des 2018 - Something is happening in Turkey – Islam's political ascendancy under the leadership of Tayyip Erdogan is sprinkling a thin layer of conservatism over the country, but ... But in reality what is really changing is Islamism itself."
https://the1828journal.com/articles/2018/8/31/islam-and-conservatism,86,Islam: What Conservatives Get Wrong and Why They Need to ...,"31 Agu 2018 - While the debate can be had over this claim, what is clear is that there ... It seems to me that in the minds of most Conservatives, Islam is little ..."
http://ideas.time.com/2013/11/01/do-muslim-women-need-saving/,87,Lila Abu-Lughod: Do Muslim Women Need Saving? | TIME.com,"1 Nov 2013 - A moral crusade to rescue oppressed Muslim women from their cultures ... the public sphere, dissolving distinctions between conservatives and ..."
https://www.huffingtonpost.ca/entry/canadian-muslim-vote-eid-dinner-justin-trudeau_ca_5d0e87a2e4b0a39418636a3e,88,Justin Trudeau Urges Canadian Muslims To Make Themselves,22 Jun 2019 - Andrew Lahodynskyj/THE CANADIAN PRESS Prime Minister Justin Trudeau speaking at the Eid Dinner hosted by The Canadian-Muslim Vote ...
https://www.politifact.com/truth-o-meter/article/2010/aug/26/why-do-so-many-people-think-obama-muslim/,89,Why do so many people think Obama is a Muslim? | PolitiFact,"26 Agu 2010 - We have updated our privacy policy to better explain how we use data on this site. ... Calling Obama a Muslim has ""become a stand in for 'I don't know who he ... He was born a Muslim; his father gave him an Islamic name."""
https://slate.com/human-interest/2019/04/easter-worshippers-obama-hillary-conservative-backlash.html,90,Why conservatives are so angry about Obama and Hillary's ...,22 Apr 2019 - Why Conservatives Are So Angry About Obama's Reference to “Easter ... by the same cohort for failing to use the exact term Islamic terrorism.
https://www.aljazeera.com/indepth/features/2016/01/western-attempts-moderate-islam-dangerous-160118081456021.html,91,Why Western attempts to moderate Islam are dangerous ...,"19 Jan 2016 - The dubious link between conservatism and extremism ... internal enforcement of Muslim ""moderation"" - as defined by Western governments ..."
https://carnegieendowment.org/2017/12/18/iran-in-transition-implications-of-islamic-republic-s-changing-demographics-pub-75042,92,Iran in Transition: The Implications of the Islamic Republic's ...,"18 Des 2017 - The Islamic Republic of Iran has often defied the expectations of Western observers. ... seemed to provoke the fears of domestic religious conservatives. ... In quantitative terms, the UNPD defines this window of opportunity as ..."
https://www.youtube.com/watch?v=KYV7KWQ-fY4,93,Christian VS Muslim - YouTube,Please consider supporting my work through Patreon here: http://www.patreon.com/DarkMatter2525 What ...
https://nationalpost.com/opinion/chris-selley-conservatives-need-pressure-release-on-islamic-extremism-but-manning-panel-on-terrorism-was-bonkers,94,Chris Selley: Conservatives need pressure release on Islamic ...,"24 Feb 2017 - Chris Selley: Conservatives need pressure release on Islamic extremism, but Manning panel on terrorism was bonkers. What is Preston ..."
https://icct.nl/wp-content/uploads/2017/08/ICCT-Schmid-Moderate-Muslims-and-Islamist-Terrorism-Aug-2017-1.pdf,95,Moderate Muslims and Islamist Terrorism - ICCT,"Islam, many Muslims nevertheless do not like to be called 'moderates' for fear of being seen as pro-Western. ... Muslim community (ummah) and what are their characteristics? How should we label ... These 'conservatives' form the majority of ..."
https://www.clingendael.org/sites/default/files/pdfs/20120000_research_report_rmeijer.pdf,96,"saudi arabia between conservatism, accommodation and reform","Special thanks go also to the Islam Research Programme (IRP) managers, ... women themselves define the 'empowerment' of women or strive for 'the rise of ..."
https://www.loc.gov/rr/frd/pdf-files/Women_Islamic_Societies.pdf,97,Women in Islamic Societies - Library of Congress,Structural Features That Explain the Labor Force Experience of Muslim Women. ... that are used by conservatives and radical Muslims to restrict women's rights.
https://thenewinquiry.com/fear-of-a-muslim-planet/,98,Fear of a Muslim Planet – The New Inquiry,10 Mar 2015 - The micro-genre of “Islamophobic futurism” in fiction unites Western liberals and conservatives. American author Robert Ferrigno doesn't ...
https://www.rediff.com/news/column/muslim-politics-needs-to-be-re-defined/20180226.htm,99,Muslim role in Indian politics needs to be re-defined - Rediff.com,26 Feb 2018 - Muslim role in Indian politics needs to be re-defined. 'They must take the bull of conservatism within their own ranks by its horns as much as ...
